track_id,track_name,artist,album,album_image,played_at,duration_ms,explicit
29iva9idM6rFCPUlu7Rhxl,YUKON,Justin Bieber,SWAG,https://i.scdn.co/image/ab67616d0000b273d65c4773bc5061fd27facc5b,2026-06-04 13:06:46.434000+00:00,163866,False
29iva9idM6rFCPUlu7Rhxl,YUKON,Justin Bieber,SWAG,https://i.scdn.co/image/ab67616d0000b273d65c4773bc5061fd27facc5b,2026-06-04 10:21:53.379000+00:00,163866,False
07NkPabk1cXEb6sAwDTp2I,New York City Girl,Fireboy DML,APOLLO,https://i.scdn.co/image/ab67616d0000b273a74766a3fc47416df6ba4db2,2026-06-04 07:50:48.023000+00:00,140971,False
1Cek6PV24GtEk4GDWqFbCk,Asylum,Olivetheboy,Avana (Deluxe),https://i.scdn.co/image/ab67616d0000b2730c6b478ba90709ccd6abe9e1,2026-06-04 06:55:15.444000+00:00,182222,False
1Cek6PV24GtEk4GDWqFbCk,Asylum,Olivetheboy,Avana (Deluxe),https://i.scdn.co/image/ab67616d0000b2730c6b478ba90709ccd6abe9e1,2026-06-04 06:50:12.685000+00:00,182222,False
4c7UBMrX7NC9QHtZQCQKBn,FOR YOU,Teni,WONDALAND,https://i.scdn.co/image/ab67616d0000b273a4e0e8474baf33ee171b4d36,2026-06-03 17:34:30.145000+00:00,188411,False
03VSnJoeuY3BtyuZ8RSSF4,everyday,Fireboy DML,adedamola,https://i.scdn.co/image/ab67616d0000b2732a6b23624781b6166392111b,2026-06-03 17:18:32.431000+00:00,165139,False
0IeTiOC1lnJUtS3l61bX93,Who Is Your Guy? (Remix),Spyro,Who Is Your Guy? (Remix),https://i.scdn.co/image/ab67616d0000b2732228bebdf58d8d321b486600,2026-06-03 17:15:46.731000+00:00,211875,False
77eZIuMTB9HrQ86L4ljqEX,Baby Riddim,FAVE,Baby Riddim,https://i.scdn.co/image/ab67616d0000b27379a8f0060df8ddd7f7f6eb4d,2026-06-03 17:12:14.411000+00:00,190677,False
1zwZ26A7OA5wTrA3FejCLL,Monalisa,Lojay,LV N ATTN,https://i.scdn.co/image/ab67616d0000b273f2a972ad9b4fa003caa00092,2026-06-03 17:09:03.163000+00:00,213991,False
1Am00a8Tk3uEaMMToIYNQo,Jericho,Simi,Omo Charlie Champagne Vol.1,https://i.scdn.co/image/ab67616d0000b27338f809b1ff395557532afaa9,2026-06-03 17:05:28.722000+00:00,195030,False
07NkPabk1cXEb6sAwDTp2I,New York City Girl,Fireboy DML,APOLLO,https://i.scdn.co/image/ab67616d0000b273a74766a3fc47416df6ba4db2,2026-06-03 17:02:13.149000+00:00,140971,False
0CSjeunTxJ7hrePnWvdGJe,Show Me,Joeboy,Somewhere Between Beauty & Magic,https://i.scdn.co/image/ab67616d0000b27334347b639c35a6e57664fb38,2026-06-03 16:59:51.694000+00:00,168000,False
1Cek6PV24GtEk4GDWqFbCk,Asylum,Olivetheboy,Avana (Deluxe),https://i.scdn.co/image/ab67616d0000b2730c6b478ba90709ccd6abe9e1,2026-06-03 16:57:03.120000+00:00,182222,False
1Cek6PV24GtEk4GDWqFbCk,Asylum,Olivetheboy,Avana (Deluxe),https://i.scdn.co/image/ab67616d0000b2730c6b478ba90709ccd6abe9e1,2026-06-03 16:47:36.669000+00:00,182222,False
1Cek6PV24GtEk4GDWqFbCk,Asylum,Olivetheboy,Avana (Deluxe),https://i.scdn.co/image/ab67616d0000b2730c6b478ba90709ccd6abe9e1,2026-06-03 16:44:09.539000+00:00,182222,False
4ibxmEgdIWYAQjXl0ivFmW,Jowo,Davido,A Better Time,https://i.scdn.co/image/ab67616d0000b273c3bcb68dea2e5d07462911b6,2026-06-03 16:41:06.805000+00:00,176470,False
3B5slaBuBK0BsuNw570pmx,Like I Do,Fireboy DML,"Laughter, Tears & Goosebumps",https://i.scdn.co/image/ab67616d0000b273b747618b16bff54d5cd70325,2026-06-03 16:26:08.785000+00:00,232800,False
2fY21NO9Y9Z2pWCdMTeXkR,Champion,Fireboy DML,APOLLO,https://i.scdn.co/image/ab67616d0000b273a74766a3fc47416df6ba4db2,2026-06-03 16:22:15.432000+00:00,179461,True
1BncfTJAWxrsxyT9culBrj,Experience,Ludovico Einaudi,In A Time Lapse,https://i.scdn.co/image/ab67616d0000b2736c8ef0538e04f2e28380dcc5,2026-06-03 15:08:53.384000+00:00,315426,False
2agBDIr9MYDUducQPC1sFU,River Flows In You,Yiruma,First Love (The Original & the Very First Recording),https://i.scdn.co/image/ab67616d0000b2734bdb66d1335f8571240e755f,2026-06-03 14:48:16.723000+00:00,188786,False
2d3nhobsfg3DrP2TiOgzHK,Solas,Jamie Duffy,Jamie Duffy,https://i.scdn.co/image/ab67616d0000b273104f5846b7d971601bd8df8e,2026-06-03 14:45:07.472000+00:00,192593,False
60dBZ8rfQJTD3mzqrYbiKW,RAIN,Tony Ann,RAIN,https://i.scdn.co/image/ab67616d0000b2731aaf75d2a0e2e0e52c1f0444,2026-06-03 14:41:54.371000+00:00,224075,False
0cP9HeZo2iJIIbDTzmvzsF,Space,French Fuse,Fusing keys and frequencies (vol.1),https://i.scdn.co/image/ab67616d0000b2730d374488ecc22bc9f676c180,2026-06-03 14:38:09.810000+00:00,184615,False
1lb3H41lbvAN28N7yqRNL9,Idea 10,Gibran Alcocer,Idea 10,https://i.scdn.co/image/ab67616d0000b273d2cc3146f7e4bdcd2fb7ac8f,2026-06-03 14:32:06.041000+00:00,128000,False
5x1bLqleRS0OlvT8N2dCCc,幻昼 - 钢琴版,文武贝,幻昼 (钢琴版),https://i.scdn.co/image/ab67616d0000b2739140b7b186f87f9f53c26379,2026-06-03 14:29:57.481000+00:00,87484,False
0APmcWz4dTAgQfdNiVXbvF,Je te laisserai des mots (Piano Version),Micha Philipp,Je te laisserai des mots (Piano Version),https://i.scdn.co/image/ab67616d0000b27376a5367faca5516c1da63075,2026-06-03 14:28:29.537000+00:00,152642,False
4qBva9xOk82fhCFPc52GjI,First Love,Jurrivh,First Love,https://i.scdn.co/image/ab67616d0000b27318d6302e06851a77ecccf857,2026-06-03 14:25:56.347000+00:00,196883,False
3shFZ2oQT3s8DWpItiurXO,everything works out in the end,Luke Willies,everything works out in the end,https://i.scdn.co/image/ab67616d0000b273de863ba28f20282ed22b7c85,2026-06-03 14:09:59.680000+00:00,205296,False
1Nq7t7GBkfb8rNAEWt4sUj,Solas x Interstellar,Gabriel Albuquerqüe,Solas x Interstellar,https://i.scdn.co/image/ab67616d0000b2732f150d197956d49ac27e941b,2026-06-03 14:06:22.866000+00:00,156425,False
18OvVTXtC3lx1Iym9E0RyT,Idea 22,Gibran Alcocer,Idea 22,https://i.scdn.co/image/ab67616d0000b2739882ae6f9fdc10b5ec438647,2026-06-03 14:03:45.873000+00:00,152000,False
7xEX406hnVXC7mDfkts2jc,Interstellar Main Theme - Piano Version,Patrik Pietschmann,Interstellar Main Theme (Piano Version),https://i.scdn.co/image/ab67616d0000b27320ca9699ecf0f7764b5cb89d,2026-06-03 14:01:13.355000+00:00,284616,False
7aTuZWl7qYNYBAHDOurXOx,ICARUS,Tony Ann,AWAKENING,https://i.scdn.co/image/ab67616d0000b273d707f16c952ad13fb52e2347,2026-06-03 13:56:28.234000+00:00,199467,False
4SWWe2OYC4mqf40Gc2RSdl,Down Below,Roddy Ricch,Feed Tha Streets II,https://i.scdn.co/image/ab67616d0000b273434f4eeb4231f6f4862cafd4,2026-06-03 13:48:19.546000+00:00,224002,True
1EaKU4dMbesXXd3BrLCtYG,ELEMENT.,Kendrick Lamar,DAMN.,https://i.scdn.co/image/ab67616d0000b2738b52c6b9bc4e43d873869699,2026-06-03 13:44:35.039000+00:00,208733,True
285pBltuF7vW8TeWk8hdRR,Lucid Dreams,Juice WRLD,Goodbye & Good Riddance,https://i.scdn.co/image/ab67616d0000b273f7db43292a6a99b21b51d5b4,2026-06-03 13:41:05.789000+00:00,239835,True
7bHT9osSq1rwT2yaImzqCi,No Love,Eminem,Recovery,https://i.scdn.co/image/ab67616d0000b273c08d5fa5c0f1a834acef5100,2026-06-03 13:36:32.091000+00:00,299506,True
1ttPzkTSpQUFcEGx8bjerL,Every Season,Roddy Ricch,Feed Tha Streets II,https://i.scdn.co/image/ab67616d0000b273434f4eeb4231f6f4862cafd4,2026-06-03 13:31:31.988000+00:00,214375,True
3iVcZ5G6tvkXZkZKlMpIUs,Alright,Kendrick Lamar,To Pimp A Butterfly,https://i.scdn.co/image/ab67616d0000b273cdb645498cd3d8a2db4d05e1,2026-06-03 13:27:57.034000+00:00,219333,True
3a1lNhkSLSkpJE4MSHpDu9,Congratulations,Post Malone,Stoney (Deluxe),https://i.scdn.co/image/ab67616d0000b27355404f712deb84d0650a4b41,2026-06-03 13:24:09.966000+00:00,220293,True
05r1GGg1Rhs0RcUg27C82a,Famous (feat. Reginae Carter),Lil Wayne,Tha Carter V,https://i.scdn.co/image/ab67616d0000b273bb1138165ad4ec2306f4e886,2026-06-03 13:20:29.138000+00:00,242050,True
5BrTUo0xP1wKXLJWUaGFtk,Loyal (feat. Lil Wayne & Tyga),Chris Brown,X (Expanded Edition),https://i.scdn.co/image/ab67616d0000b273b37e6176a034d4470304d706,2026-06-03 13:16:26.589000+00:00,264938,True
5BrTUo0xP1wKXLJWUaGFtk,Loyal (feat. Lil Wayne & Tyga),Chris Brown,X (Expanded Edition),https://i.scdn.co/image/ab67616d0000b273b37e6176a034d4470304d706,2026-06-03 09:49:50.028000+00:00,264938,True
0dbTQYW3Ad1FTzIA9t90E8,Mona Lisa (feat. Kendrick Lamar),Lil Wayne,Tha Carter V,https://i.scdn.co/image/ab67616d0000b273bb1138165ad4ec2306f4e886,2026-06-03 09:19:55.724000+00:00,324189,True
2lM7orFD058wiAiBixzffm,"Izolo (feat. Madumane, Mpura & Daliwonga)",DJ Maphorisa,Banyana,https://i.scdn.co/image/ab67616d0000b273d4de03cf3a15f1d0bfcc5a3e,2026-06-03 08:47:29.449000+00:00,445714,False
2dTQe0W5KXs6TNVV7yi2oS,Adiwele (feat. Kabza De Small & DJ Maphorisa),Young Stunna,Notumato,https://i.scdn.co/image/ab67616d0000b273de1efe9b284e71ce2fd4078a,2026-06-03 08:34:24.692000+00:00,471428,False
4Yb13UV0lQm5aQfGu1uKkL,Khona,Mafikizolo,Reunited,https://i.scdn.co/image/ab67616d0000b273973397915bcf8dd1baec7e9f,2026-06-03 08:04:35.851000+00:00,295461,False
2lM7orFD058wiAiBixzffm,"Izolo (feat. Madumane, Mpura & Daliwonga)",DJ Maphorisa,Banyana,https://i.scdn.co/image/ab67616d0000b273d4de03cf3a15f1d0bfcc5a3e,2026-06-03 07:59:39.890000+00:00,445714,False
0B3FovCVaGKS5w1FTidEUP,BROWN SKIN GIRL,Blue Ivy,The Lion King: The Gift,https://i.scdn.co/image/ab67616d0000b2734ccc03169b086af698178a99,2026-06-03 07:37:28.173000+00:00,248472,False
492ceDtqmafb6QD1Xfhpmo,Like a Prayer - Choir Version From “Deadpool & Wolverine”,I'll Take You There Choir,"Deadpool & Wolverine: Madonna's ""Like a Prayer"" EP",https://i.scdn.co/image/ab67616d0000b273345c6f094c563bda450ddf38,2026-06-02 13:36:13.434000+00:00,152893,False
