track_id,track_name,artist,album,album_image,rank,term,duration_ms,explicit
2dTQe0W5KXs6TNVV7yi2oS,Adiwele (feat. Kabza De Small & DJ Maphorisa),Young Stunna,Notumato,https://i.scdn.co/image/ab67616d0000b273de1efe9b284e71ce2fd4078a,1,short_term,471428,False
5PbC6AM2diHeIpEpY8a51o,Mombasa,Marioo,MMMCXII,https://i.scdn.co/image/ab67616d0000b273f87d9c63b5c106f0560bfc06,2,short_term,163043,False
1BncfTJAWxrsxyT9culBrj,Experience,Ludovico Einaudi,In A Time Lapse,https://i.scdn.co/image/ab67616d0000b2736c8ef0538e04f2e28380dcc5,3,short_term,315426,False
1oUnBe0RDlneJQxuezHxa6,ICARUS,Tony Ann,EMOTIONS (Deluxe),https://i.scdn.co/image/ab67616d0000b273f7b3492e380752375780157b,4,short_term,199467,False
4JsY8jABuA5rJcGTAhnMue,Baba Yangu,jackson benty,Baba Yangu,https://i.scdn.co/image/ab67616d0000b273b8ac2ebc3cf2bc7f046c9ca1,5,short_term,397061,True
27tNWlhdAryQY04Gb2ZhUI,Roar,Katy Perry,PRISM,https://i.scdn.co/image/ab67616d0000b2731e9a057052d59004caf47e22,6,short_term,223546,False
0fV2w5yQaawHPa4Wgbvatq,Hapa Nilipo,UPENDO NKONE,Hapa Nilipo,https://i.scdn.co/image/ab67616d0000b273418511226ad69f085ef6d69c,7,short_term,460251,False
6qXdAsUH8I7j3A0d7sX6qz,What If I Say,Fireboy DML,"Laughter, Tears & Goosebumps",https://i.scdn.co/image/ab67616d0000b273b747618b16bff54d5cd70325,8,short_term,213916,False
1p0zeYPLjmIGtw1DzmshZO,Nakupenda,TxC,Nakupenda,https://i.scdn.co/image/ab67616d0000b273f91f29f049af023cc69b3d9f,9,short_term,333451,True
29iva9idM6rFCPUlu7Rhxl,YUKON,Justin Bieber,SWAG,https://i.scdn.co/image/ab67616d0000b273d65c4773bc5061fd27facc5b,10,short_term,163866,False
6O2hrfRRPBJ59PwKhSKFHz,Ogechi (feat. Davido) - Remix,BoyPee,Ogechi (feat. Davido) [Remix],https://i.scdn.co/image/ab67616d0000b2731fbc2a1d798ba2b2fbf8101c,11,short_term,192262,False
3HCZlM8G03ely2mj6nHiJV,Lengoma (feat. Sami'Kay & Misokuhle),MSA,Lengoma (feat. Sami'Kay & Misokuhle),https://i.scdn.co/image/ab67616d0000b27335bb4adf78af29614fb40d11,12,short_term,311867,False
3iVcZ5G6tvkXZkZKlMpIUs,Alright,Kendrick Lamar,To Pimp A Butterfly,https://i.scdn.co/image/ab67616d0000b273cdb645498cd3d8a2db4d05e1,13,short_term,219333,True
0dbTQYW3Ad1FTzIA9t90E8,Mona Lisa (feat. Kendrick Lamar),Lil Wayne,Tha Carter V,https://i.scdn.co/image/ab67616d0000b273bb1138165ad4ec2306f4e886,14,short_term,324189,True
00eG8dkiuInSQuziVmKQyu,SUGAR,Marioo,MMMCXII,https://i.scdn.co/image/ab67616d0000b273f87d9c63b5c106f0560bfc06,15,short_term,142079,False
1ttPzkTSpQUFcEGx8bjerL,Every Season,Roddy Ricch,Feed Tha Streets II,https://i.scdn.co/image/ab67616d0000b273434f4eeb4231f6f4862cafd4,16,short_term,214375,True
6bgandzIQ55wqEYRlpSraS,"Banyana (feat. Sir Trill, Daliwonga & Kabza De Small)",DJ Maphorisa,Banyana,https://i.scdn.co/image/ab67616d0000b273d4de03cf3a15f1d0bfcc5a3e,17,short_term,411428,False
1gQsbe5nVBPmfj5Y1d1kec,Chai ya saa kumi,Ywaya Tajiri,Chai ya saa kumi,https://i.scdn.co/image/ab67616d0000b2736ae156113be2578d53a17afb,18,short_term,240000,False
3weNRklVDqb4Rr5MhKBR3D,Nuvole Bianche,Ludovico Einaudi,Una Mattina,https://i.scdn.co/image/ab67616d0000b2734ea8c5801bfdf5ac90719400,19,short_term,357706,False
2pNjk1fIZTMtj8ry6SdEmB,Venus,Faceless,Venus,https://i.scdn.co/image/ab67616d0000b2738733f2e8a1db14bd2f9e9033,20,short_term,139199,False
0B3FovCVaGKS5w1FTidEUP,BROWN SKIN GIRL,Blue Ivy,The Lion King: The Gift,https://i.scdn.co/image/ab67616d0000b2734ccc03169b086af698178a99,21,short_term,248472,False
5Bx78We4uQ18EoLr0V9lKS,Mlinzi wangu by voice of hope,Emanuel Nicarios,Mlinzi wangu by voice of hope,https://i.scdn.co/image/ab67616d0000b27387df424956c264fa51f261bf,22,short_term,353784,False
5IgjP7X4th6nMNDh4akUHb,Under The Influence,Chris Brown,Indigo (Extended),https://i.scdn.co/image/ab67616d0000b27348f69a441c575fa5926a0831,23,short_term,184203,True
3ANHY5EdhMkLPlBuI3TH7w,Happy,Diamond Platnumz,Happy,https://i.scdn.co/image/ab67616d0000b2739cba53e331ee599efd7f9ce7,24,short_term,176842,False
5uCax9HTNlzGybIStD3vDh,Say You Won't Let Go,James Arthur,Back from the Edge,https://i.scdn.co/image/ab67616d0000b2738d34e1fc21441df43571faaa,25,short_term,211477,False
3QzAOrNlsabgbMwlZt7TAY,Ballin' (with Roddy Ricch),Mustard,Perfect Ten,https://i.scdn.co/image/ab67616d0000b27393b1e96fad758869d0974162,26,short_term,180434,True
5O306r2a9Nl7rm5ZlaTqka,The Blessing (Live),Elevation Worship,Graves Into Gardens (Live),https://i.scdn.co/image/ab67616d0000b273a77e3a79960fdd90ca36e555,27,short_term,507306,False
6OGNF7mro80pMi5q1HhylS,Jealousy (feat. Leemckrazy & Ceeka RSA),Khalil Harrison,Jealousy (feat. Leemckrazy & Ceeka RSA),https://i.scdn.co/image/ab67616d0000b2730543bb904774044220a71b38,28,short_term,390873,False
6eT7xZZlB2mwyzJ2sUKG6w,White Iverson,Post Malone,Stoney (Deluxe),https://i.scdn.co/image/ab67616d0000b27355404f712deb84d0650a4b41,29,short_term,256532,True
2lM7orFD058wiAiBixzffm,"Izolo (feat. Madumane, Mpura & Daliwonga)",DJ Maphorisa,Banyana,https://i.scdn.co/image/ab67616d0000b273d4de03cf3a15f1d0bfcc5a3e,30,short_term,445714,False
0VjzaXw81JQJM61pzWwP8b,Nzaza,Asake,Mr. Money With The Vibe,https://i.scdn.co/image/ab67616d0000b2731ee6732ccb8f07bd15b33beb,31,short_term,183829,False
0k6DnZMLoEUH8NGD5zh2SE,Ayo,Chris Brown,Fan of A Fan The Album (Expanded Edition),https://i.scdn.co/image/ab67616d0000b273aee727756d5fec0de96dc6d9,32,short_term,225226,True
05r1GGg1Rhs0RcUg27C82a,Famous (feat. Reginae Carter),Lil Wayne,Tha Carter V,https://i.scdn.co/image/ab67616d0000b273bb1138165ad4ec2306f4e886,33,short_term,242050,True
12jMMRyPNMTNp3CRmdWMve,MONEY CONSTANT,DJ Maphorisa,SOUTH GIDI,https://i.scdn.co/image/ab67616d0000b2739259bc2bba7b8c89fa5b204c,34,short_term,375535,False
6F70m9aMK4PSJKBfp1H8DZ,Asibe Happy,Kabza De Small,Asibe Happy,https://i.scdn.co/image/ab67616d0000b27349cd91802b66f5873d99593f,35,short_term,458777,False
29xIQdObak8ALIgzz2FqTJ,Mwokozi,PAUL CLEMENT,The Journey,https://i.scdn.co/image/ab67616d0000b273a58182e9e065d3b0ecd2312f,36,short_term,209728,False
3HfKlhohNNTLIv2t9uvmzz,FEAR,NF,FEAR,https://i.scdn.co/image/ab67616d0000b27392640546d2877fe762c0f050,37,short_term,268519,False
6S920U14Kw9v5dedojzQLA,Kama Sio,Kusah,Kama Sio,https://i.scdn.co/image/ab67616d0000b27302b554b4d2da53a58aec13ea,38,short_term,194021,False
6YYnBEMEaj960IX1evcTun,Ogechi,Brown Joel,Ogechi,https://i.scdn.co/image/ab67616d0000b273045c5c99d5f4e5cb47f5a92d,39,short_term,152133,False
0fX4oNGBWO3dSGUZcVdVV2,N95,Kendrick Lamar,Mr. Morale & The Big Steppers,https://i.scdn.co/image/ab67616d0000b2732e02117d76426a08ac7c174f,40,short_term,195950,True
37Nqx7iavZpotJSDXZWbJ3,Girls Want Girls (with Lil Baby),Drake,Certified Lover Boy,https://i.scdn.co/image/ab67616d0000b273cd945b4e3de57edd28481a3f,41,short_term,221979,True
3JW9hNUjUN51X9jZyn2HVV,Ngishutheni,Goon Flavour,Ngishutheni,https://i.scdn.co/image/ab67616d0000b273ce6fac61d399b5a8421ed901,42,short_term,317220,False
62auSQwzIlyVuqUsxd4w63,"Abantwana Bakho (feat. Thatohatsi, Young Stunna & Nkosazana Daughter)",DJ Maphorisa,NGOMOYA,https://i.scdn.co/image/ab67616d0000b2737fcb9128344b2424f8f8e5db,43,short_term,518307,False
0Avl2ptgAslvucP3XxLMtV,For The Moment,Chris Brown,BROWN,https://i.scdn.co/image/ab67616d0000b2734b28d4d23dc56dc3ceda4b5d,44,short_term,206835,True
0UVlOQ3EEiTVOctUOnJ00w,Voilà,Barbara Pravi,On n’enferme pas les oiseaux,https://i.scdn.co/image/ab67616d0000b273ec4068956824493210f6eae8,45,short_term,177426,False
19Ndp9IyGC12SqKRTrdFE8,ICARUS (feat. ARKAI) - Orchestral Version,Tony Ann,SYNERGY,https://i.scdn.co/image/ab67616d0000b2730e4cdd363b744623fa8aa39d,46,short_term,170306,False
1PjHUJIucP7MdMmCjCwwG2,Usiende Mbali,JustBasweti,Usiende Mbali,https://i.scdn.co/image/ab67616d0000b273eb3a4913eb6d758b6783b03a,47,short_term,166760,False
2fY21NO9Y9Z2pWCdMTeXkR,Champion,Fireboy DML,APOLLO,https://i.scdn.co/image/ab67616d0000b273a74766a3fc47416df6ba4db2,48,short_term,179461,True
3BzlZAqfnZDjv1F5CLlpHx,News or Something,Future,Purple Reign,https://i.scdn.co/image/ab67616d0000b2738f4d24124c0d5b6f413d9624,49,short_term,213586,True
40gRh2ZURv5tYBo8yB9Lu3,"Piano Sonata No. 14 in C-Sharp Minor, Op. 27 No. 2 ""Moonlight"": I. Adagio sostenuto",Ludwig van Beethoven,"Beethoven: Piano Sonatas, Vol. 3",https://i.scdn.co/image/ab67616d0000b273e8580303c8c1e369c643fcb7,50,short_term,315426,False
2svgkUY2l7qh6bdg1fteFY,Open The Eyes of My Heart,Jordan G. Welch,Open The Eyes of My Heart,https://i.scdn.co/image/ab67616d0000b273ed6ee271e4ce12f7c188eaf5,1,medium_term,249080,False
3BzlZAqfnZDjv1F5CLlpHx,News or Something,Future,Purple Reign,https://i.scdn.co/image/ab67616d0000b2738f4d24124c0d5b6f413d9624,2,medium_term,213586,True
6ELkgGxnICLHI2dgqueu9v,Nitaamini by Voice of hope,Emanuel Nicarios,Nitaamini by Voice of hope,https://i.scdn.co/image/ab67616d0000b273e4208c75e8742ccf031593d4,3,medium_term,379008,False
6S920U14Kw9v5dedojzQLA,Kama Sio,Kusah,Kama Sio,https://i.scdn.co/image/ab67616d0000b27302b554b4d2da53a58aec13ea,4,medium_term,194021,False
5Bx78We4uQ18EoLr0V9lKS,Mlinzi wangu by voice of hope,Emanuel Nicarios,Mlinzi wangu by voice of hope,https://i.scdn.co/image/ab67616d0000b27387df424956c264fa51f261bf,5,medium_term,353784,False
7phdxeXXmjBSofVMpvqv3T,Intombi Yam' Enesono,Sushi.b,Señor Sushi,https://i.scdn.co/image/ab67616d0000b2733d392b1cdf148798c6600322,6,medium_term,223839,False
11yZHrCVjzHX9j8wxmwGEu,Chikwere,Bien,Alusa Why Are You Topless?,https://i.scdn.co/image/ab67616d0000b2736b6808d9ba46506c8deb6793,7,medium_term,281860,False
3HfKlhohNNTLIv2t9uvmzz,FEAR,NF,FEAR,https://i.scdn.co/image/ab67616d0000b27392640546d2877fe762c0f050,8,medium_term,268519,False
29xIQdObak8ALIgzz2FqTJ,Mwokozi,PAUL CLEMENT,The Journey,https://i.scdn.co/image/ab67616d0000b273a58182e9e065d3b0ecd2312f,9,medium_term,209728,False
7GaFYUqP2WdR4KTPk7cXoP,Let Me Love You,Mario,Turning Point,https://i.scdn.co/image/ab67616d0000b273ba8db944ef3e2846ba9efa57,10,medium_term,249120,False
77yjMVDTTozcP5yyebGQ1F,Mombasa,Marioo,Mombasa,https://i.scdn.co/image/ab67616d0000b273dc442413d5e81b5cd01658d1,11,medium_term,163043,False
6lKCaafKm88sVfYz2u7S4B,Rich Niggaz,J. Cole,Born Sinner (Deluxe Version),https://i.scdn.co/image/ab67616d0000b273c1bb124f993488cf21b269fc,12,medium_term,276093,True
5AgWHvmwQJGdZA09pSgkK9,OLUWA,Marioo,The Godson (Deluxe),https://i.scdn.co/image/ab67616d0000b2734ab0783b57602d1e2b5fde19,13,medium_term,168340,False
759DS4sknbTnQXgSsz1i2I,Lala (feat. Abigail Chams),Harmonize,Lala (feat. Abigail Chams),https://i.scdn.co/image/ab67616d0000b273a348176f7406de2c907e3e5c,14,medium_term,130666,False
3eRaSAk4a6gjsHK2omZbU4,uMoya,Thukuthela,The Most Wanted,https://i.scdn.co/image/ab67616d0000b273c2a66fc9b9938f38f2cafebd,15,medium_term,358850,False
0PSAMlvOdQcZ7Hi3AZzUca,Lose Some Win Some,Nasty C,Zulu Man With Some Power,https://i.scdn.co/image/ab67616d0000b273a153400ed9fd1df566142d29,16,medium_term,91180,True
2tppvvQ1CRFPFSGQKGsIoq,I Need You,Marc Anthony,Mended,https://i.scdn.co/image/ab67616d0000b2738f7c79e0bf7d8c528a6b4096,17,medium_term,251493,False
0fV2w5yQaawHPa4Wgbvatq,Hapa Nilipo,UPENDO NKONE,Hapa Nilipo,https://i.scdn.co/image/ab67616d0000b273418511226ad69f085ef6d69c,18,medium_term,460251,False
3gjHnylel3PTRpjS44ocqr,Zombie - 2025 Remastered,The Cranberries,No Need To Argue (2025 Remastered),https://i.scdn.co/image/ab67616d0000b27320a28883cdd0fc7d5f85a9a9,19,medium_term,305626,False
4at3d5QWnlibMVN75ECDrp,Pretty Little Fears (feat. J. Cole),6LACK,East Atlanta Love Letter,https://i.scdn.co/image/ab67616d0000b273e1530b42603367fdb2208d88,20,medium_term,240341,True
0JGZYsSnDraphLvnhIUaQx,Scared Love,Rod Wave,Last Lap,https://i.scdn.co/image/ab67616d0000b273287c37c4384f0a2245a69726,21,medium_term,185883,True
7KyKrqKKCXFumCWNV2WxNw,Vifungo vya familia by voice of hope live. - Live,Emanuel Nicarios,Vifungo vya familia by voice of hope live. (Live),https://i.scdn.co/image/ab67616d0000b2736f9003e9202a2592acbc76f6,22,medium_term,356352,False
6pKrwKfT1IUq6GvO7xtlIW,Calling My Name (I'm A Soldier) - Live,Ebuka Songs,Calling My Name (I'm A Soldier) [Live],https://i.scdn.co/image/ab67616d0000b273990e3e587421c1841eda64c9,23,medium_term,638798,False
6eT7xZZlB2mwyzJ2sUKG6w,White Iverson,Post Malone,Stoney (Deluxe),https://i.scdn.co/image/ab67616d0000b27355404f712deb84d0650a4b41,24,medium_term,256532,True
3ORvFHgfasdR92GGp6rVQF,MAYDAY RACHAEL,Gradine Toto,MAYDAY RACHAEL,https://i.scdn.co/image/ab67616d0000b273dcc63d033166dd6ef6a16a88,25,medium_term,409597,False
7hyFKrPZo1Zv4D35MpTBdr,I Love You,Céline Dion,Falling into You,https://i.scdn.co/image/ab67616d0000b273c6aebd89b2dcda3348649633,26,medium_term,330200,False
2dTQe0W5KXs6TNVV7yi2oS,Adiwele (feat. Kabza De Small & DJ Maphorisa),Young Stunna,Notumato,https://i.scdn.co/image/ab67616d0000b273de1efe9b284e71ce2fd4078a,27,medium_term,471428,False
0wf9rSX8ds3yEI2gf2QdPs,Dreams,NF,Perception,https://i.scdn.co/image/ab67616d0000b273cd733919ee57d0cc466e152f,28,medium_term,221573,False
1f1aVSNrIlYJireodCP04q,Everlasting King,Loveworld Singers,I Love You Now And Always,https://i.scdn.co/image/ab67616d0000b273619079ab9d757829580cadfe,29,medium_term,400357,False
6YYnBEMEaj960IX1evcTun,Ogechi,Brown Joel,Ogechi,https://i.scdn.co/image/ab67616d0000b273045c5c99d5f4e5cb47f5a92d,30,medium_term,152133,False
33DZ7zKxxslObJ4GJfyBBX,Siwezi,Marioo,The Kid You Know,https://i.scdn.co/image/ab67616d0000b273ff6829ead30f3d4eb79406ab,31,medium_term,219574,False
3HCZlM8G03ely2mj6nHiJV,Lengoma (feat. Sami'Kay & Misokuhle),MSA,Lengoma (feat. Sami'Kay & Misokuhle),https://i.scdn.co/image/ab67616d0000b27335bb4adf78af29614fb40d11,32,medium_term,311867,False
3QzAOrNlsabgbMwlZt7TAY,Ballin' (with Roddy Ricch),Mustard,Perfect Ten,https://i.scdn.co/image/ab67616d0000b27393b1e96fad758869d0974162,33,medium_term,180434,True
6SKwQghsR8AISlxhcwyA9R,Marry You,Bruno Mars,Doo-Wops & Hooligans,https://i.scdn.co/image/ab67616d0000b2738a9eb5a1f701d1d367a5ea10,34,medium_term,230192,False
0Ga0lQXA9cwHm1xFLysmD5,Shebeleza (Okongo Mame),Joe Mafela,Shebeleza! Fela's,https://i.scdn.co/image/ab67616d0000b2730ff84864b1e46930ce081c59,35,medium_term,379973,False
5JVCPxHDsOBbTn9lw0yhP1,Natulizana,Diamond Platnumz,Natulizana,https://i.scdn.co/image/ab67616d0000b2731381794135590358b5b74724,36,medium_term,266207,False
5ZfOg71oANMaKmswvSEF2r,WHO TF IZ U,J. Cole,The Fall-Off,https://i.scdn.co/image/ab67616d0000b27380788f104c780412212e97e3,37,medium_term,277013,True
3gYvVABY8K1Oq51AfrguRV,Great King Of All,Loveworld Singers,You Sit Above The Cherubim,https://i.scdn.co/image/ab67616d0000b273fb006075be16e463c94605bb,38,medium_term,253794,False
2MDCFf3HBDHJh0cLQzJJzG,Hemani,PAUL CLEMENT,Uzima Tele,https://i.scdn.co/image/ab67616d0000b27350830616dd7aacb48992ae4d,39,medium_term,804375,False
3vBTFVEcGhmH13Y0Lj9UTN,BULLET,NF,HOPE,https://i.scdn.co/image/ab67616d0000b273ff8a4276b3be31c839557439,40,medium_term,222510,False
1BncfTJAWxrsxyT9culBrj,Experience,Ludovico Einaudi,In A Time Lapse,https://i.scdn.co/image/ab67616d0000b2736c8ef0538e04f2e28380dcc5,41,medium_term,315426,False
29iva9idM6rFCPUlu7Rhxl,YUKON,Justin Bieber,SWAG,https://i.scdn.co/image/ab67616d0000b273d65c4773bc5061fd27facc5b,42,medium_term,163866,False
2G4NICwwwXTSz3Ui1wWkr8,Lucky Now,Jux,King of Hearts,https://i.scdn.co/image/ab67616d0000b273eea97dca4af6a0ef1bf2a440,43,medium_term,250656,False
1l0wPhFZP1kWkZNQrrYrGy,RUNNING,NF,HOPE,https://i.scdn.co/image/ab67616d0000b273ff8a4276b3be31c839557439,44,medium_term,253532,False
1y3bE5i57eUm3hfLAc7h08,Walking The Wire,Imagine Dragons,Evolve,https://i.scdn.co/image/ab67616d0000b2735675e83f707f1d7271e5cf8a,45,medium_term,232906,False
3wqGL8Mf7Nugx4Zlr2GzBW,Pom Pom,Bruce Melodie,Pom Pom,https://i.scdn.co/image/ab67616d0000b27340122d92b55c6e23e2904598,46,medium_term,257666,False
57ENogEkvFsU7Wmt3lvQMG,Two Six,J. Cole,The Fall-Off,https://i.scdn.co/image/ab67616d0000b27380788f104c780412212e97e3,47,medium_term,196080,True
6BcRcpPqUaoNj3Zsqi23Cx,K.O,Gaz Mawete,Gaz Mawete,https://i.scdn.co/image/ab67616d0000b27307e96751c5d78b6483dd6f30,48,medium_term,182000,False
6bgandzIQ55wqEYRlpSraS,"Banyana (feat. Sir Trill, Daliwonga & Kabza De Small)",DJ Maphorisa,Banyana,https://i.scdn.co/image/ab67616d0000b273d4de03cf3a15f1d0bfcc5a3e,49,medium_term,411428,False
0QWFiyhOqFu9RP8qzP6z5L,I'm Your Angel (with Céline Dion),R. Kelly,R.,https://i.scdn.co/image/ab67616d0000b2731a81e3abee4b067492baaf44,50,medium_term,332066,False
4at3d5QWnlibMVN75ECDrp,Pretty Little Fears (feat. J. Cole),6LACK,East Atlanta Love Letter,https://i.scdn.co/image/ab67616d0000b273e1530b42603367fdb2208d88,1,long_term,240341,True
2svgkUY2l7qh6bdg1fteFY,Open The Eyes of My Heart,Jordan G. Welch,Open The Eyes of My Heart,https://i.scdn.co/image/ab67616d0000b273ed6ee271e4ce12f7c188eaf5,2,long_term,249080,False
4us9pwwMqOKN3lklnPZZAv,I will pray,Ebuka Songs,I will pray,https://i.scdn.co/image/ab67616d0000b27343d21707b64491f9b62ff680,3,long_term,170631,False
1f1aVSNrIlYJireodCP04q,Everlasting King,Loveworld Singers,I Love You Now And Always,https://i.scdn.co/image/ab67616d0000b273619079ab9d757829580cadfe,4,long_term,400357,False
3Rq1cgwfOjGCH8oxb9jiOz,Kwalula,Sun-El Musician,To the World & Beyond,https://i.scdn.co/image/ab67616d0000b2738c8ee53c923729bd8ab8912c,5,long_term,269520,False
6YYnBEMEaj960IX1evcTun,Ogechi,Brown Joel,Ogechi,https://i.scdn.co/image/ab67616d0000b273045c5c99d5f4e5cb47f5a92d,6,long_term,152133,False
4oZcUz0YS5komd8ukoYtyR,Kiki,Leftizzle,Kiki,https://i.scdn.co/image/ab67616d0000b273531f695ddd8e9aa8ad37f66c,7,long_term,202352,False
3QzAOrNlsabgbMwlZt7TAY,Ballin' (with Roddy Ricch),Mustard,Perfect Ten,https://i.scdn.co/image/ab67616d0000b27393b1e96fad758869d0974162,8,long_term,180434,True
0VjzaXw81JQJM61pzWwP8b,Nzaza,Asake,Mr. Money With The Vibe,https://i.scdn.co/image/ab67616d0000b2731ee6732ccb8f07bd15b33beb,9,long_term,183829,False
3gYvVABY8K1Oq51AfrguRV,Great King Of All,Loveworld Singers,You Sit Above The Cherubim,https://i.scdn.co/image/ab67616d0000b273fb006075be16e463c94605bb,10,long_term,253794,False
6kksmL4t09IgxhajuVDDxR,late at night,Roddy Ricch,LIVE LIFE FAST,https://i.scdn.co/image/ab67616d0000b273e80ce1e14e6f60b0e4cd4489,11,long_term,174549,True
1IARNA3zsu39Kul2ov9n3J,King,Fireboy DML,"Laughter, Tears & Goosebumps",https://i.scdn.co/image/ab67616d0000b273b747618b16bff54d5cd70325,12,long_term,165040,False
0JGZYsSnDraphLvnhIUaQx,Scared Love,Rod Wave,Last Lap,https://i.scdn.co/image/ab67616d0000b273287c37c4384f0a2245a69726,13,long_term,185883,True
0rc9XLNs7KZXu2ASA3LbL8,MISTAKE,NF,HOPE,https://i.scdn.co/image/ab67616d0000b273ff8a4276b3be31c839557439,14,long_term,215186,False
0wf9rSX8ds3yEI2gf2QdPs,Dreams,NF,Perception,https://i.scdn.co/image/ab67616d0000b273cd733919ee57d0cc466e152f,15,long_term,221573,False
3PPzT5KBqYu2C5NuBU6CBw,No God Greater Than You,Loveworld Singers,You Sit Above The Cherubim,https://i.scdn.co/image/ab67616d0000b273fb006075be16e463c94605bb,16,long_term,359444,False
5lehoWkVPujeOAwb8BO0uK,Only,NF,The Search,https://i.scdn.co/image/ab67616d0000b273942a0c9ac8f1def7c8805044,17,long_term,225440,False
34VxIDJqDlzyhaRgtueaFo,You Are So Great,Loveworld Singers,Loveworld New Songs 2022,https://i.scdn.co/image/ab67616d0000b2734b487a2c767374f6ff9c737e,18,long_term,432912,False
3QDAZkFUlpV0yMXtwGqZaD,What A Mighty God You Are,Loveworld Singers,Dew Of Heaven,https://i.scdn.co/image/ab67616d0000b273744b82b4831e096ff06ce0bb,19,long_term,390999,False
4RlOIdKBihttz8DQxusXwg,I Exalt You Lord,Loveworld Singers,Sing A New Song,https://i.scdn.co/image/ab67616d0000b273160abc79495e1b1c171674b3,20,long_term,526884,False
3rjLmv6fNacHOVHtWzGVK8,Singing Guitar Vibes,AJ Ghent [ j-ent ],Singing Guitar Vibes,https://i.scdn.co/image/ab67616d0000b273b6c441a8a32fac111ca07b2b,21,long_term,595290,False
1l0wPhFZP1kWkZNQrrYrGy,RUNNING,NF,HOPE,https://i.scdn.co/image/ab67616d0000b273ff8a4276b3be31c839557439,22,long_term,253532,False
4vpx4cL7IRedZul0j0bL2c,let it breathe (feat. Roddy Ricch),Gunna,One of Wun,https://i.scdn.co/image/ab67616d0000b2739a0cbe7c93bc691f48f356ed,23,long_term,200786,True
3BzlZAqfnZDjv1F5CLlpHx,News or Something,Future,Purple Reign,https://i.scdn.co/image/ab67616d0000b2738f4d24124c0d5b6f413d9624,24,long_term,213586,True
3HfKlhohNNTLIv2t9uvmzz,FEAR,NF,FEAR,https://i.scdn.co/image/ab67616d0000b27392640546d2877fe762c0f050,25,long_term,268519,False
5PbkBYnXhmd6gdlIKbUI1T,Baby,The Ben,PLENTY LOVE,https://i.scdn.co/image/ab67616d0000b27308d9297f87d12700498e320a,26,long_term,228705,False
7aDw6ABFrazUlM4PRfUYLI,All That Matters,Minister GUC,The Message,https://i.scdn.co/image/ab67616d0000b27399a6732ed08e7f1eb96a8e55,27,long_term,370131,False
1goiRWxiG3GTlODrdDZ7NR,Jireh (feat. Chandler Moore & Naomi Raine),Elevation Worship,Old Church Basement,https://i.scdn.co/image/ab67616d0000b273a996b44f11f30c8bf37cf53e,28,long_term,598994,False
2c6w3zpkZhYHX26EVPMWFW,Ni Wewe,Mathias Walichupa,Ni Wewe,https://i.scdn.co/image/ab67616d0000b273885ad6575da48916a173b7d6,29,long_term,272275,False
33DZ7zKxxslObJ4GJfyBBX,Siwezi,Marioo,The Kid You Know,https://i.scdn.co/image/ab67616d0000b273ff6829ead30f3d4eb79406ab,30,long_term,219574,False
5QRCwZ2350b9EPGwoQE91V,Isililo,Pistole Gwijo,The Best Of Gwijo 4,https://i.scdn.co/image/ab67616d0000b2735f77d5ed9aa8e052ba9714ee,31,long_term,139040,False
1y3bE5i57eUm3hfLAc7h08,Walking The Wire,Imagine Dragons,Evolve,https://i.scdn.co/image/ab67616d0000b2735675e83f707f1d7271e5cf8a,32,long_term,232906,False
6rOqLUy3kp0PVQQEtNPpbQ,Happiness (feat. Asake & Gunna),Sarz,Happiness (feat. Asake & Gunna),https://i.scdn.co/image/ab67616d0000b273f13c70e6b79f936abf585308,33,long_term,174743,False
4Xg53MegsZ6MRIbZ2kE6Eh,Survivor’s Remorse,Roddy Ricch,Survivor’s Remorse,https://i.scdn.co/image/ab67616d0000b2738b942d84eee643c8a9a9fad2,34,long_term,156645,True
5uCax9HTNlzGybIStD3vDh,Say You Won't Let Go,James Arthur,Back from the Edge,https://i.scdn.co/image/ab67616d0000b2738d34e1fc21441df43571faaa,35,long_term,211477,False
0IVeT8ezG7WJ8M0c1SlwOh,Deep Waters,S.b.g,Set Apart,https://i.scdn.co/image/ab67616d0000b273c69e6c5c31d8c5e5a545dd25,36,long_term,260294,False
6d9Ckju1ZMJsfgM7nKgOgu,Dearest Shephard,Loveworld Singers,I Love You Now And Always,https://i.scdn.co/image/ab67616d0000b273619079ab9d757829580cadfe,37,long_term,287368,False
7MvDYqO3pRxz4ueKdXv6YY,Lord Eternal,Loveworld Singers,I Love You Now And Always,https://i.scdn.co/image/ab67616d0000b273619079ab9d757829580cadfe,38,long_term,279102,False
6ELkgGxnICLHI2dgqueu9v,Nitaamini by Voice of hope,Emanuel Nicarios,Nitaamini by Voice of hope,https://i.scdn.co/image/ab67616d0000b273e4208c75e8742ccf031593d4,39,long_term,379008,False
6S920U14Kw9v5dedojzQLA,Kama Sio,Kusah,Kama Sio,https://i.scdn.co/image/ab67616d0000b27302b554b4d2da53a58aec13ea,40,long_term,194021,False
6mEBD5cHp2EtpPzkFuxZ9V,NOT THE SAME,Parker Jack,NOT THE SAME,https://i.scdn.co/image/ab67616d0000b273433f80fb02999f1bab1def86,41,long_term,117163,True
2plbrEY59IikOBgBGLjaoe,Die With A Smile,Lady Gaga,Die With A Smile,https://i.scdn.co/image/ab67616d0000b27382ea2e9e1858aa012c57cd45,42,long_term,251667,False
4irEfIEfEXuaPVOYDCw5Rm,I Surrender - Live,Hillsong Worship,Cornerstone (Live),https://i.scdn.co/image/ab67616d0000b273c1f26efe24ba9797ed0ae9e5,43,long_term,346346,False
6pKrwKfT1IUq6GvO7xtlIW,Calling My Name (I'm A Soldier) - Live,Ebuka Songs,Calling My Name (I'm A Soldier) [Live],https://i.scdn.co/image/ab67616d0000b273990e3e587421c1841eda64c9,44,long_term,638798,False
2dTQe0W5KXs6TNVV7yi2oS,Adiwele (feat. Kabza De Small & DJ Maphorisa),Young Stunna,Notumato,https://i.scdn.co/image/ab67616d0000b273de1efe9b284e71ce2fd4078a,45,long_term,471428,False
5O306r2a9Nl7rm5ZlaTqka,The Blessing (Live),Elevation Worship,Graves Into Gardens (Live),https://i.scdn.co/image/ab67616d0000b273a77e3a79960fdd90ca36e555,46,long_term,507306,False
5vxBujjKm3Wd64VXA0C2Pj,Ndiyacela Messiah,Pistole Gwijo,The Best Of Gwijo,https://i.scdn.co/image/ab67616d0000b273a998f2ab12c6a3a109195067,47,long_term,66865,False
1ixphys4A3NEXp6MDScfih,Be the One,Dua Lipa,Be the One,https://i.scdn.co/image/ab67616d0000b273e314ae1248044b8b84842c3c,48,long_term,202914,False
6858xmZthZ7jEe06VyZxbN,Running,LADIPOE,Running,https://i.scdn.co/image/ab67616d0000b273f20f47d560918e9669fe9826,49,long_term,214615,True
3ibKnFDaa3GhpPGlOUj7ff,Let Me Love You,Mario,Let Me Love You,https://i.scdn.co/image/ab67616d0000b273c42212db6d665fab0c51d495,50,long_term,256733,False
